id;name;surname;birthday
1;Georgia Industrial;connect Markets Chief;2019-10-22
2;National Awesome sky blue;Tactics;2019-10-22
3;compress South Georgia and the South Sandwich Islands;compelling mission-critical;2019-10-22
4;Plastic;Car Industrial deliverables;2019-10-22
5;24 hour;overriding;2019-10-22
6;application quantify Unbranded Plastic Tuna;Internal;2019-10-22
7;Highway Ergonomic;moratorium moratorium;2019-10-22
8;withdrawal COM;embrace Developer;2019-10-22
9;hard drive Robust Networked;Poland;2019-10-22
10;Grocery;red;2019-10-22
